id;pin_code;created_at;updated_at
1;20851;2024-03-02T19:22:47;2024-03-02T12:44:47
2;29404;2024-03-03T01:38:29;2024-03-03T02:06:51
3;30732;2024-03-02T10:24:18;2024-03-02T18:16:35
4;20552;2024-03-02T17:20:14;2024-03-02T23:15:14
5;1669;2024-03-02T19:05:45;2024-03-02T13:02:46
6;17152;2024-03-02T15:57:46;2024-03-02T08:52:42
7;26545;2024-03-03T05:56:13;2024-03-02T09:33:54
8;7446;2024-03-02T08:05:09;2024-03-02T18:01:34
9;8041;2024-03-02T07:45:51;2024-03-02T17:45:40
10;11308;2024-03-02T21:36:58;2024-03-02T23:03:21
