id;title;created_at;updated_at
1;outline incidentally considering;2024-03-02T22:38:33;2024-03-03T01:15:42
2;generally;2024-03-02T11:14:38;2024-03-03T05:40:28
3;suspiciously merry bah;2024-03-02T13:39:13;2024-03-02T09:19:01
4;as pace following;2024-03-02T15:34:58;2024-03-03T05:56:38
5;until;2024-03-03T03:59:24;2024-03-02T13:03:18
6;honored;2024-03-02T23:21:00;2024-03-02T08:41:47
7;but;2024-03-02T13:28:53;2024-03-02T15:49:59
8;supersede knife;2024-03-02T07:14:05;2024-03-03T03:55:57
9;leek sorrowful revolver;2024-03-02T14:25:44;2024-03-02T07:15:27
10;deviate underneath concerning;2024-03-02T22:33:36;2024-03-02T13:52:12
